smiles,solubility,logp
c1ccccc1c2cc(Cl)ccc2,-4.880000,4.400000
O=N(=O)c(c(ccc1)C)c1,-2.330000,2.360000
CC(O)CCC(C)C,-1.380000,2.170000
c1c(CC3)c2c(C3)ccc(CC4)c2c(C4)c1,-5.960000,6.120000
Cc1cccc(C)n1,0.450000,1.900000
C=CC#N,0.150000,0.210000
C1=CC(=O)N2CC(C3)CNCC3C2=C1,0.360000,0.600000
OC(CCCCCC)C,-2.090000,2.730000
CCCC(C)C1(CC)C(=O)NC(=O)NC1=O,-2.520000,2.000000
COc1ccc2COC(=O)c2c1OC,-1.890000,0.360000
c1cc(N)ccc1S(=O)(=O)Nc2nccs2,-2.430000,0.720000
OCC(O)C(O)C(O)C(O)CO,1.090000,-3.010000
OC(=O)CC(C)(C(=O)O)C(C)(C)C(=O)O,-0.290000,0.240000
c1ccccc1CCO,-0.740000,1.570000
CCCCCCCC=C,-5.050000,4.620000
Cc1cc2cc3ccccc3cc2cc1,-6.960000,4.890000
O=C1C=C2CCC3C4CCC(O)(C(=O)COC(=O)C(C)(C)C)C4(C)CC(O)C3C2(C)C=C1,-4.580000,3.500000
c1ccccc1Cc2ccccc2,-4.170000,4.020000
O=C(NC(=O)c1cccc2)c12,-2.610000,1.300000
N(c(c(S1)cc(c2)C)c2)=C1c(ccc(N)c3)c3,-3.680000,3.560000
COCC(=O)N(C(C)C(=O)OC)c1c(C)cccc1C,-1.600000,1.700000
c1ccc2c(c1)cnc3ccccc23,-2.780000,3.320000
OCCC(C)C,-0.520000,1.260000
CCCCS,-2.180000,2.250000
CCCCCCOC(=O)c1ccc(N)cc1,-3.950000,3.760000
C1C(CCC)CCC1,-4.740000,4.080000
CCCCCCO,-1.240000,1.820000
s1cccc1,-1.450000,1.810000
O=C(OC)c(c(ccc1)C(=O)OC)c1,-1.660000,1.660000
O=C(O)CCc(cccc1)c1,-1.410000,2.290000
CC(=O)C(CCC)C(=O)C,-0.880000,1.450000
C1=C(C)C(=O)NC(=O)N1,-1.520000,-0.320000
ClC(Cl)(Cl)C,-2.000000,2.680000
OC(c1ccccc1)C,-0.920000,1.490000
C1=CC(=O)C=C2CCC3C4CC(C)C(O)(C(=O)CO)C4(C)CC(O)C3(F)C12C,-3.770000,1.940000
O=C(C(C(C1C2)(C)C)(C2)C)C1,-1.990000,2.340000
O=C(O)c(ccc(O)c1)c1,-1.410000,1.390000
ClCCS(=O)CCCl,-1.160000,0.270000
CC(O)C(C)CC,-0.720000,1.680000
BrCCBr,-1.680000,2.010000
c1cc(Cl)cc(Cl)c1c2c(Cl)cc(Cl)cc2,-6.510000,6.340000
[nH](c(c(c1cccc2)ccc3)c3)c12,-4.970000,3.230000
c1ccc2c3ccccc3c4ccccc4c2c1,-6.740000,5.520000
CCCC(=O)O,-0.190000,1.070000
O=C(O)CCCC(=O)O,1.000000,-0.260000
ClC(Cl)C(c1ccc(Cl)cc1)c2ccccc2Cl,-6.510000,5.870000
ClC(Cl)C(Cl)(Cl)SN2C(=O)C1CC=CCC1C2=O,-5.400000,3.420000
CN(C)C2C1CC4C(=C(O)C1(O)C(=O)C(=C2O)C(N)=O)C(=O)c3c(O)cccc3C4(C)O,-3.120000,-1.330000
c1cc(C)c(C)cn1,0.360000,1.900000
CN(C)C(=O)NC1CCCCCCC1,-2.360000,2.840000
CN(C=Nc1ccc(C)cc1C)C=Nc2ccc(C)cc2C,-5.470000,5.550000
c1cccc(Cl)c1Cl,-3.050000,3.280000
OC(=O)COc1ccccc1Cl,-2.160000,1.970000
c1cnc2cnc(OC)nc2n1,-1.110000,0.040000
O=C(OCCCC)c(cccc1)c1,-3.480000,3.300000
CC34CCC1C(CCC2=CC(=O)CCC12)C3CCC4(O)C#C,-4.570000,2.990000
CC13CCC(=O)C=C1CCC4C2CCC(O)(C(=O)CO)C2(C)CC(=O)C34,-3.110000,1.810000
c1ccc2c(C)cccc2c1C,-4.740000,4.260000
O=CC=CC,0.320000,0.600000
O=C(OC)CCCCCCCCC,-4.630000,4.300000
OC(c(cccc1)c1)c(cccc2)c2,-2.550000,2.710000
c1ccccc1C(=C)C(=O)O,-2.060000,2.210000
c1ccccc1Nc2ccccc2,-3.510000,3.290000
CC(C)C(C)(O)CC,-0.850000,2.130000
O=C(NCC(=O)O)c(cccc1)c1,-1.680000,0.460000
CCC(C)(C)C,-3.550000,3.180000
c1ccc2cc[nH]c2c1,-1.520000,2.050000
c1ccc(Cl)cc1Cl,-3.040000,3.280000
O=N(=O)c(ccc(Oc(c(cc(c1)Cl)Cl)c1)c2)c2,-5.460000,4.320000
CN(C)C(=O)Nc2ccc(Oc1ccc(Cl)cc1)cc2,-4.890000,4.080000
N#CCC=CC,-0.960000,1.110000
CC(O)(C)CCCCC,-1.720000,2.690000
O(C(C(O)C(O)C1O)CO)C1Oc(c(ccc2)CO)c2,-0.850000,-1.410000
CCCCCl,-2.030000,2.560000
c1ccc2Sc3ccc(C(#N))cc3N(CCCN4CCC(O)CC4)c2c1,-3.980000,3.930000
c1cc(C)ccc1C(=O)O,-2.600000,2.420000
N(N)c(cccc1)c1,0.070000,0.790000
CCCCCBr,-3.070000,3.140000
O=C(Nc(cccc1)c1)C,-1.330000,1.100000
O(c(c(O)ccc1)c1)C,-1.960000,1.340000
O=S(=O)(N)c(c(ccc1)C)c1,-2.020000,0.920000
OC(CCC(C1)C)C1,-0.880000,2.050000
c1ccccc1CN,-1.530000,1.070000
c1ccc4c(c1)ccc5c2cccc3cccc(c23)c45,-8.000000,6.110000
O=S(=O)(N)c(ccc(c1)C)c1,-1.740000,0.920000
CC1=C(CCCO1)C(=O)Nc2ccccc2,-2.560000,2.080000
O=P(Oc1ccc(O)cc1C)(Oc2cc(O)ccc2C)Oc3c(O)cccc3C,-6.700000,4.900000
c1ccccc1CO,-0.400000,1.080000
ClC4=C(Cl)C5(Cl)C3C1CC(C2OC12)C3C4(Cl)C5(Cl)Cl,-6.180000,5.450000
O=N(=O)c(ccc(N)c1)c1,-2.370000,1.470000
O=C(OC)c(ccc(O)c1)c1,-1.780000,2.000000
c1ccc2ccccc2c1Br,-4.350000,4.060000
OC1C(O)C(O)C(O)C(O)C1O,0.350000,-2.080000
CC1=C(SCCO1)C(=O)Nc2ccccc2,-3.140000,1.490000
N#CCCCl,-0.290000,0.600000
NC(=S)Nc(cccc1)c1,-1.770000,0.950000
Cc1occc1C(=O)Nc2ccccc2,-3.300000,2.620000
CCCCC(O)CC,-1.470000,2.240000
c1ccccc1C(CC)(C)C,-4.150000,4.390000
O=C(OCC(C)C)c(c(ccc1)C(=O)OCC(C)C)c1,-4.660000,4.460000
c1c(Cl)ccc(Cl)c1c2c(Cl)c(Cl)c(Cl)c(Cl)c2Cl,-8.940000,8.270000
NC(=O)OCCCCCCC,-2.620000,2.440000
c1ccccc1NCC,-1.700000,2.110000
c1ccc(N)cc1C(=O)C,-1.280000,0.760000
c1ccc(C)cc1C,-2.820000,3.090000
O=C(N)CCl,-0.020000,-0.580000
O=C(OCC)CCCC,-1.750000,2.340000
CC1CCC(C)CC1,-4.470000,4.010000
O=C(O)C(O)(c(cccc1)c1)c(cccc2)c2,-2.210000,2.240000
c1c(O)cc2CC=C3C4CCC(=O)C4(C)CCC3c2c1,-5.280000,3.350000
O=C1NCCN1c2ncc(s2)N(=O)=O,-3.220000,1.170000
O=C(OC(C)C)C,-0.550000,1.280000
OCCCCCCCC,-2.390000,2.810000
O=C(O)C(N)CC(N=CN1)=C1,-0.530000,-3.220000
OC(C(C)C)C,-0.200000,1.190000
OC(c(cccc1)c1)Cc(cccc2)c2,-2.520000,3.200000
c1ccc2c(c1)ccc3ncccc23,-3.360000,3.320000
C1CN(CCC2=CC=CS2)CCC1(COC)N(C(=O)CC)c3ccccc3,-3.710000,3.620000
O=C1N(c2ccccc2)N(C)C(C)=C1N,-0.620000,-0.070000
c1cc(OCCCC)ccc1C(=O)OCCN(CC)CC,-3.840000,4.060000
NC(=O)OCCCCC,-1.470000,1.450000
OC(=O)c1ccccc1Nc2cc(C(F)(F)F)ccc2,-4.360000,5.150000
O=C(O)c(c(c(N)cc1Cl)Cl)c1,-2.470000,1.900000
ClC(Cl)(Cl)C(Cl)(Cl)Cl,-3.670000,4.030000
c1ccc2c3cc4ccccc4cc3Cc2c1,-8.040000,5.190000
O=C(O)C=CC(N=CN1)=C1,-1.960000,0.140000
CC(=O)Oc1c(N(=O)(=O))c(C)c(N(=O)(=O))cc1C(C)(C)C,-4.470000,3.680000
O=C(O)COc(ccc(c1)Cl)c1,-2.290000,1.970000
CCC(N)C(=O)O,0.310000,-2.500000
CNC(=O)Oc1ccccc1C2OCCO2,-1.570000,0.250000
c1cc(N)ccc1S(=O)(=O)Nc2ncc(OC)cn2,-2.580000,-0.260000
O=P(OCC)(OCC)OCC,0.430000,0.870000
OCC1C(O)C(O)C(O)C(O)O1,0.740000,-2.890000
c1cccc(Cl)c1c2c(Cl)cccc2,-5.270000,5.050000
CCC1(CCC(=O)NC1=O)c2ccccc2,-2.340000,1.740000
o1c(N(=O)(=O))ccc1C=NO,-2.190000,0.550000
OC(C#C)(C(C(C(C(c(c(cc(O)c1)C2)c1)C3)C2)C4)(C3)C)C4,-4.300000,4.120000
c1cc(N)ccc1S(=O)(=O)NC(=N)N,-1.990000,-1.070000
CN(C)CCCN2c1ccccc1Sc3ccc(C(F)(F)F)cc23,-5.300000,5.520000
Nc(ccc(c1)Cc(ccc(N)c2)c2)c1,-2.300000,2.180000
COc2ccc(CC1NCC(O)C1OC(C)=O)cc2,-1.610000,0.610000
c1c(C(F)(F)F)cccc1N2C(=O)C(Cl)=C(NC)C=N2,-4.040000,2.190000
c1cc(Br)ccc1C,-3.190000,3.430000
O=C1NCCN1C(=O)NCC(C)C,-2.150000,1.030000
CC1(C)C(C=C(Cl)Cl)C1C(=O)OCc3cccc(Oc2ccccc2)c3,-6.290000,7.430000
O=C(O)C(N)CCSC,-0.420000,-2.410000
CCCCCCl,-2.730000,3.050000
c1ccc2c(C)c[nH]c2c1,-2.420000,2.600000
CCOP(=S)(OCC)SCSCC,-4.110000,3.370000
BrCC(Br)CCl,-2.380000,2.680000
O=C(Nc(c(ccc1)C)c1C)C(N(CCC2)C)C2,-1.550000,1.960000
c1cc(Cl)c(Cl)cc1c2c(Cl)cc(Cl)c(Cl)c2,-7.390000,6.980000
O(c(ccc(c1)C=CC)c1)C,-3.130000,3.390000
O=C(OCC(CCCC)CC)c(c(ccc1)C(=O)OCC(CCCC)CC)c1,-6.960000,8.390000
Oc(c(c(ccc1)cc2)c1)c2,-2.220000,2.690000
O=C(c(ccc(N)c1)c1)C,-1.610000,0.740000
O=CC=C,0.570000,0.190000
c1ccc2C(=O)N(C(CCl)SP(=S)(OCC)OCC)C(=O)c2c1,-6.340000,4.140000
O=COC,0.580000,-0.170000
O=C1C(C)CCC(C(C)=C)C1,-2.180000,2.860000
CCCCCCCCl,-3.990000,4.030000
c1cc(Br)ccc1Br,-4.070000,3.770000
O=Cc(c(O)ccc1)c1,-0.860000,2.010000
O=C(NC(C(O)c(ccc(N(=O)=O)c1)c1)CO)C(Cl)Cl,-2.110000,0.920000
O=C(OC)CCCCCCC,-3.390000,3.320000
c1c(S(=O)(=O)N)c(Cl)cc(O)c1C(=O)Nc2c(C)cccc2C,-3.790000,2.290000
CCCCCCC=C,-4.440000,4.130000
S(c(cccc1)c1)C,-2.390000,2.590000
C1CCN2CC(C3)C4CCCCN4CC3C2C1,-1.890000,3.410000
o(c(c(c1cccc2)ccc3)c3)c12,-4.600000,3.710000
c1ccc(C)c(C)n1,0.380000,1.900000
CCCCC=O,-0.850000,1.310000
O=C(O)c(cccc1Cl)c1,-2.590000,2.520000
O=C(O)C(C(C(C(=O)O)C1)(C)C)(C1)C,-1.420000,1.780000
O=C(O)CCCCCCC,-2.300000,3.030000
CCCOCCC,-1.620000,2.030000
Oc(cc(c(c1C)Cl)C)c1,-2.800000,3.250000
O=C(OC)c(ccc(N)c1)c1,-1.590000,1.310000
c1cnc2c(C)ncnc2n1,-0.120000,-0.390000
CCNc1nc(NC(C)C)nc(SC)n1,-3.040000,3.320000
Oc(c(ccc1)C)c1C,-1.310000,2.610000
c1ccc2C(O)N3CCC(O)C3=Nc2c1,-2.070000,-0.490000
O=C(OCC)c(cccc1)c1,-2.320000,2.320000
O=C(O)c(ccc(O)c1OC)c1,-2.050000,1.220000
NS(=O)(=O)c1c(Cl)cc2N=CNS(=O)(=O)c2c1,-3.050000,-0.230000
c1cc(Cl)cc(Cl)c1Cl,-3.590000,3.930000
c1ccccc1F,-1.800000,2.190000
O=C(NC(=O)C1=O)N1,-0.400000,-0.540000
CC1(C)CC(C)CC1,-4.480000,3.970000
C1=CC(=O)NC(=O)N1,-1.480000,-0.870000
O=C(CCC)CCC,-1.300000,1.730000
O=C(OCC)c(c(ccc1)C(=O)OCC)c1,-2.350000,2.650000
c1cc(N)ccc1S(=O)(=O)Nc2nc(C)nc(C)c2,-2.240000,0.760000
O=C(CC(C)C)C,-1.420000,1.160000
CN1C2CC(CC1C3OC23)OC(=O)C(CO)c4ccccc4,-0.480000,0.390000
CCC1NC(=O)NC1(=O),-0.060000,-0.230000
O=C(N(S(=O)(=O)Nc1cccc2)C(C)C)c12,-2.680000,1.670000
O=C(N(c(cccc1)c1)C)C,-0.950000,0.930000
O=C(OCC)C=Cc(cccc1)c1,-3.000000,2.850000
CC(C)=CC3C(C(=O)OCc2cccc(Oc1ccccc1)c2)C3(C)C,-5.240000,7.540000
CC2Nc1cc(Cl)c(cc1C(=O)N2c3ccccc3C)S(N)(=O)=O,-3.780000,1.840000
C1(C)=CSC=C1,-2.390000,2.360000
O=C(N(CCCC1)C1)C=CC=Cc(ccc(OCO2)c23)c3,-3.460000,3.690000
C1CCCCN1c2nc(N)n(=O)c(N)c2,-1.980000,1.350000
s1c(N)ncc1,-0.360000,0.830000
NC(Cc2cc(I)c(Oc1ccc(O)c(I)c1)c(I)c2)C(O)=O,-5.220000,2.960000
ClC=CCl,-1.300000,1.980000
O=C(OC)CCCC,-1.360000,1.850000
CCCCC(O)(C)C,-1.080000,2.170000
c1cc(C)ccc1C,-2.770000,3.090000
CCCCCCCC,-5.240000,4.270000
COP(=S)(OC)Oc1nc(Cl)c(Cl)cc1Cl,-4.820000,3.680000
O=C(NC1C2C3CCCC3C(C1)C2)N(C)C,-3.010000,2.620000
COP(=S)(OC)Oc1ccc(cc1)N(=O)=O,-3.680000,2.750000
ClC1=C(Cl)C(Cl)(C2(Cl)Cl)C3CC=CC3C12Cl,-5.640000,6.030000
CCCCCC#C,-3.010000,3.010000
CCCCCCBr,-3.810000,3.630000
O[Sn](C1CCCCC1)(C2CCCCC2)C3CCCCC3,-5.590000,6.630000
CC(CCC(O)=O)C3CCC4C2C(O)CC1CC(O)CCC1(C)C2CCC34C,-3.640000,5.060000
N(CCCC1)(C1)C,0.230000,1.400000
Cc1c(C)cc2N=C3C(=O)NC(=O)N=C3N(CC(O)C(O)C(O)CO)c2c1,-3.680000,-1.050000
O=C(OCC(C)C)C=C,-1.210000,2.130000
Cc1cc(ccc1NS(=O)(=O)C(F)(F)F)S(=O)(=O)c2ccccc2,-3.800000,4.240000
N(CCCC1)C1,1.070000,1.190000
c1cc(C)cc(C)n1,0.380000,1.900000
O=C(O)C(=C)C,0.010000,0.990000
OC(CCC)(C)C,-0.490000,1.710000
O=C(N)N(CC)N=O,-0.960000,-0.020000
CC(C)CBr,-2.430000,2.580000
CC1=C(Cl)C(=O)N(C(C)(C)C)C(=O)N1,-2.480000,1.750000
CC1=CC(=O)c2c(OC)c3ccoc3c(OC)c2O1,-2.400000,3.000000
O=NN(CCCC1)C1,-0.170000,0.720000
n(ccc(n1)O)c1S,-2.260000,0.900000
OC(CC)(CC)CC,-0.850000,2.200000
c1ccccc1Oc2ccccc2,-3.960000,4.050000
O=C(OCC)C=C,-0.740000,1.220000
OCC(C)C,0.040000,0.760000
CC(O)(C)C(C)C,-0.410000,1.640000
O=C(OC)c(c(c(N)cc1Cl)Cl)c1,-3.260000,2.600000
CCCCCCCOC(=O)c1ccc(N)cc1,-4.600000,4.250000
O=N(=O)c(c(O)ccc1)c1,-1.740000,1.910000
c1cc(F)ccc1CCl,-2.540000,2.990000
O(C(OC(C1O)C(O)CO)C1O2)C2C(Cl)(Cl)Cl,-1.840000,0.680000
ClC(=C(c1ccccc1Cl)c2ccc(cc2)Cl)Cl,-6.360000,6.000000
c1c(F)c(F)cc(F)c1F,-2.380000,2.790000
OCC(CCCC)CC,-2.110000,2.730000
c1ccccc1c2c(Cl)cccc2,-4.540000,4.400000
c1ccc(Cl)c(Cl)c1Cl,-4.000000,3.930000
CC(Cl)C,-1.410000,2.000000
O=N(=O)c(cccc1C)c1,-2.440000,2.360000
Oc(cccc1)c1,0.000000,1.510000
Cc1ccc2cc(C)ccc2c1,-4.890000,4.260000
C1CCCC1C,-3.300000,3.100000
c1cc(C)ccc1O,-0.700000,2.060000
CCCCC,-3.180000,2.800000
ClC(Cl)=C(Cl)Cl,-2.540000,2.970000
CCOP(=S)(OCC)SCSP(=S)(OCC)OCC,-5.540000,4.750000
n(cccc1CO)c1,0.960000,-0.110000
O=C(O)c(cc(O)c(O)c1O)c1,-1.160000,0.860000
OC(=O)c1cccnc1Nc2cc(C(F)(F)F)ccc2,-4.170000,4.600000
OC(CC)(CC)C,-0.380000,1.710000
CN(C)CCC=C2c1ccccc1CCc3ccccc23,-4.460000,4.950000
c1ccc2N(C)C3C4CC5C(CC)C(O)N4C(C56)CC3(C6O)c2c1,-2.820000,1.880000
COP(=S)(OC)Oc1cc(Cl)c(Cl)cc1Cl,-5.720000,4.860000
O=C(OC(C)(C)C)N,0.100000,0.850000
OCCCCCCC,-1.810000,2.310000
ClC(Cl)Cl,-1.170000,1.520000
O=C(OC(C(C(C=CC1=O)(CC2)C)=C1C)C23)C3C,-3.090000,1.780000
C=CCBr,-1.500000,2.020000
o(c(c(n1)ccc2)c2)c1,-1.160000,1.720000
O=NN(c(cccc1)c1)c(cccc2)c2,-3.750000,3.160000
c1ccc2ccccc2c1Cl,-3.930000,3.810000
CN2C(=O)ON(c1ccc(Cl)c(Cl)c1)C2=O,-2.820000,3.220000
O=N(=O)OCC(ON(=O)=O)CON(=O)=O,-2.220000,1.510000
c1c(O)cc2CCC3C4CCC(O)C4(C)CCC3c2c1,-4.840000,3.940000
c1cc(N)ccc1S(=O)(=O)Nc2nc(OC)nc(OC)c2,-2.960000,1.170000
C1CCCCCC1,-3.520000,3.670000
O=CCCCCCC,-1.700000,2.290000
OCCOc(cccc1)c1,-0.710000,1.100000
Clc1cc(Cl)c(Cl)c(Cl)c1c2c(Cl)cc(Cl)c(Cl)c2,-7.920000,8.270000
CCN(CC)C(=O)C(C)Oc1cccc2ccccc12,-3.570000,3.330000
O=C1NC(=O)NC(=O)C1(CC)C2=CC(C3)CCC3C2,-2.640000,2.680000
O=N(=O)OC(C(OCC1ON(=O)=O)C1O2)C2,-2.630000,0.760000
c1c(Cl)c(Cl)cc(Cl)c1O,-2.210000,3.450000
O=COCC(C)C,-1.010000,1.230000
C3c1ccccc1c4ccc2ccccc2c34,-6.680000,5.190000
Oc(c(ccc1)CC)c1,-1.360000,2.550000
CC(C)OP(=S)(OC(C)C)SCCNS(=O)(=O)c1ccccc1,-4.200000,4.120000
O=S(=O)(N)c(ccc(N)c1)c1,-1.360000,-0.550000
c1c(C(=O)c3ccccc3)cc2nc(NC(=O)OC)[nH]c2c1,-3.880000,2.710000
CN(C)C(=O)Oc1cc(C)nn1c2ccccc2,-2.090000,1.960000
CNCCCN2c1ccccc1CCc3ccccc23,-3.660000,4.800000
O=C(NCCCC)NS(=O)(=O)c(ccc(c1)C)c1,-3.390000,2.410000
O=C(ON=C(C(C)(C)C)CSC)NC,-1.620000,2.160000
O=C(CCCC)CCCC,-2.590000,2.710000
O=C(O)C=CC=CC,-1.770000,1.620000
OC(c(c(c(nc1)ccc2)c2)c1)C(N(CCC3C4C=C)C4)C3,-3.070000,3.210000
CC(O)(C)CC(C)C,-0.920000,2.130000
c1c(N(=O)(=O))cc2C(c3ccccc3)=NCC(=O)N(C)c2c1,-3.800000,2.270000
Clc1cc(Cl)c(Cl)cc1c2c(Cl)c(Cl)cc(Cl)c2,-8.600000,7.620000
CCCC#C,-1.640000,2.030000
CCCCCCCC#C,-4.240000,3.990000
O=C1C=C2CCC3C4CC5OC(C)(C)OC5(C(=O)CO)C4(C)CC(O)C3(F)C2(C)C=C1,-4.320000,2.690000
CC(=O)OCC(=O)C3(O)CCC4C2CCC1=CC(=O)CCC1(C)C2C(=O)CC34C,-4.000000,2.140000
O=C(O)c(cccc1)c1,-1.550000,1.870000
COc2ccc1C(OC(=O)c1c2OC)C4N(C)CCc5cc3OCOc3c(OC)c45,-3.140000,1.970000
CNN,1.340000,-1.000000
O=C(Nc(ccc(c1)I)c1)C,-3.250000,2.270000
O=C(O)C(N)C(O)C,-0.090000,-3.040000
O=C(NS(=O)(=O)c1cccc2)c12,-1.640000,0.460000
O=C(c(cccc1)c1)CC,-1.830000,2.160000
c1c(S)nc2cncnc2n1,-2.710000,-0.240000
c1cccc(C)c1N,-0.850000,1.620000
FC(F)(F)C(Cl)Br,-1.710000,2.260000
NC(=O)OCC(C)(C)C,-0.800000,1.340000
Cc1c(CCCC)c(O)nc(N(C)C)n1,-2.240000,3.460000
CCOCCOCC,-0.770000,0.770000
O=CNc(cccc1)c1,-0.680000,1.130000
O=C(NC(NC(=O)N1)C1=O)N,-1.600000,-3.140000
NC(=N)NCC(=O)O,-1.510000,-3.930000
Oc1c(Br)cc(C#N)cc1Br,-3.330000,3.390000
O(C(CCC1C2)(C2)C)C1(C)C,-1.640000,3.130000
CCCCCCCCOC(=O)N,-3.300000,2.930000
CC(C)C1(CC=C)C(=O)NC(=O)NC1=O,-1.710000,1.380000
O=C(CCCCC)C,-1.420000,1.730000
Oc(c(ccc1)C)c1,-0.620000,2.060000
COCCC,-0.390000,1.050000
O=C(OCc(cccc1)c1)c(c(ccc2)C(=O)OCCCC)c2,-5.640000,4.840000
c1ccccc1c2c(Cl)cccc2Cl,-5.210000,5.050000
O=C(OCC=C)c(c(ccc1)C(=O)OCC=C)c1,-3.130000,3.360000
COC(C)(C)CCCC(C)CC=CC(C)=CC(=O)OC(C)C,-5.190000,6.340000
O=C(OCCC)c(cccc1)c1,-2.670000,2.810000
O=C(NCC(=O)N1)C1,-0.830000,-2.830000
c1cc(I)ccc1F,-3.130000,3.360000
O=C(OCC(OC(=O)C)COC(=O)C)C,-0.600000,0.360000
O=C(CCCC1C)C1,-1.870000,1.540000
O1CC(O)C(O)C(O)C1(O)CO,0.640000,-1.550000
N(CSC(N1C)=S)(C1)C,-2.130000,0.940000
C1CCCCC1C,-3.850000,3.590000
Cc1ccc(cc1)S(=O)(=O)NC(=O)NN2CCCCCC2,-3.680000,2.230000
ONc(cccc1)c1,-0.740000,1.030000
CCSCc1ccccc1OC(=O)NC,-2.090000,2.040000
O=C(c(cccc1)c1)C,-1.280000,1.670000
O=C(C(C(C(C(c(c(cc(O)c1)C2)c1)C3)C2)C4)(C3)C)C4,-3.960000,3.430000
c1ccc(Br)cc1C,-3.520000,3.430000
O=S(=O)(Nc(nc(cc1C)C)n1)c(ccc(N)c2)c2,-2.270000,0.760000
O=C(O)CCI,-0.430000,1.340000
O(c(c(O)ccc1CC=C)c1)C,-1.560000,2.730000
C1CCCCC1,-3.100000,3.180000
CCCCCCCCOC(=O)c1ccc(N)cc1,-5.400000,4.740000
O=C(O)C(N)CCC(=O)N,-0.550000,-4.490000
N1C(=O)NC(=O)C(F)=C1,-1.070000,-0.810000
n1c(N)nc(N)c(Cc2cc(OC)c(OCCOC)c(OC)c2)c1,-2.100000,0.450000
CC(C)CCl,-2.000000,2.490000
C1CCCCCCC1,-4.150000,4.160000
OCCCC(C)(C)C,-1.550000,2.200000
c1ccccc1c2c(Cl)c(Cl)ccc2Cl,-6.290000,5.690000
CN2C(=C(O)c1ccccc1S2(=O)=O)C(=O)Nc3ccccn3,-4.160000,2.580000
O=C(NS(=O)(=O)c(ccc(N)c1)c1)C,-1.230000,-0.600000
c16cccc2ccc3ccc4ccc5cccc6c5c4c3c12,-9.030000,6.700000
COc1ccc2C=CC(=O)Oc2c1CC=C(C)C,-4.310000,3.950000
c1ccccc1C(O)C(O)c2ccccc2,-1.930000,2.070000
c1cccc(N)c1C(=O)O,-1.520000,1.360000
C1(=O)NC(=O)NC(C(=O)O)=C1,-1.930000,-0.110000
OC(=O)CCCOc1ccc(Cl)cc1Cl,-3.670000,3.600000
c2ccc1cc3c(cc1c2)c4cccc5cccc3c45,-8.490000,6.110000
CCOC2Oc1ccc(OS(C)(=O)=O)cc1C2(C)C,-3.420000,2.890000
CC(C)(C)C(=O)CC(=O)C,-1.630000,1.410000
O=C1C(Br)=C(N)C=NN1c2ccccc2,-3.120000,0.660000
CCOC(=O)C1(CCN(C)CC1)c2ccccc2,-1.890000,3.030000
CCC1(C(=O)NC(=O)NC1=O)C2=CCCCCC2,-3.000000,2.790000
O=Cc(ccc(OCO1)c12)c2,-1.630000,1.770000
c1ccccc1,-1.640000,1.990000
CCC(O)CC,-0.240000,1.260000
CCC(O)CCC,-0.800000,1.750000
O=C(Oc(cccc1)c1)c(c(O)ccc2)c2,-3.150000,3.820000
OC1C(O)C(O)C(O)C(O)C1,-0.170000,-2.330000
O=C(Nc(ccc(N)c1)c1)C,-0.980000,0.180000
O(C1C)C1,-0.590000,0.370000
COc2ccc(Oc1ccc(NC(=O)N(C)C)cc1)cc2,-4.160000,3.520000
O=C(OCCCCCC)C,-2.460000,2.830000
O=S(=O)(Nc(nccc1)c1)c(ccc(N)c2)c2,-2.700000,0.530000
c1ccc(Cl)cc1Br,-3.210000,3.530000
CC(=O)C3(O)CCC4C2CCC1=CC(=O)CCC1(C)C2CCC34C,-4.710000,3.080000
C1C=CCC=C1,-1.970000,2.750000
c1ccc(Br)c(Br)c1Br,-5.040000,4.660000
O=COCCC,-0.490000,0.810000
c1cc(Cl)cc(Cl)c1c2c(Cl)ccc(Cl)c2,-6.570000,6.340000
c1cc(C)ccc1CC,-3.110000,3.580000
CCC(O)C,0.430000,0.770000
Oc(ccc(c1)C(c(ccc(O)c2)c2)(C)C)c1,-2.820000,3.640000
OCCN4CCN(CCCN2c1ccccc1Sc3ccc(cc23)C(F)(F)F)CC4,-4.150000,4.130000
O=C(N(CC=C)CC=C)C(Cl)Cl,-1.620000,2.280000
CCOC(C)C,-0.550000,1.470000
c12C(=O)C3=C(O)C4(O)C(=O)C=C(O)C(N(C)C)C4CC3C(O)(C)c1cccc2,-1.420000,-0.660000
O=C1NC(=S)NC(=O)C1(CC=C)C(C)CCC,-3.460000,3.230000
O(CCCC1)C1,-0.030000,1.430000
O=C(O)C(O)(CC(=O)O)CC(=O)O,0.510000,-1.670000
O=C(CCC)C,-0.190000,0.750000
CCc1ccc2ccccc2c1,-4.290000,4.210000
ClC=C(Cl)Cl,-1.960000,2.470000
O=C(C(C(C(C(C(C(C(=CC(=O)C1)C2)(C1)C)C3)C2)C4)(C3)C)C4)C,-4.430000,3.670000
c1ccc2Sc3ccccc3N(CCCN(C)C)c2c1,-4.300000,4.560000
O=C(O)CCCCCCCCCCCCCC,-4.310000,6.470000
c1cc(C)ccc1C(C)C,-3.770000,4.000000
N(Nc(cccc1)c1)c(cccc2)c2,-2.920000,3.060000
CCOC=C,-0.850000,0.910000
Clc1cccc(Cl)c1c2c(Cl)cccc2Cl,-7.390000,6.340000
c1c(Cl)c(Cl)c(Cl)c(Cl)c1c2c(Cl)cccc2,-7.210000,6.980000
CCCCCCCl,-3.120000,3.540000
CCc2nnc(NS(=O)(=O)c1ccc(N)cc1)s2,-1.940000,0.900000
ClCCl,-0.630000,1.340000
C1C(=O)C=C2C(C)=CC3C4CCC(C(=O)C)(OC(=O)C)C4(C)CCC3C2(C)C1,-5.350000,4.000000
CCCCC#C,-2.360000,2.520000
OCCCCCCCCCCCC,-4.670000,4.770000
O=C(O)c(c(O)c(cc1I)I)c1,-3.310000,4.580000
O=Cc(cccc1)c1,-1.190000,1.710000
BrC(Br)(Br)Br,-3.140000,2.800000
c1cc(N)ccc1S(=O)(=O)Nc2nc(C)c(C)o2,-2.440000,1.030000
CCCCNCCCC,-1.440000,2.770000
CC(C)(C)C(=O)C(Oc1ccc(Cl)cc1)n2cncn2,-3.610000,2.940000
CN1C(=O)C=CC=C1,0.960000,-0.050000
c1ccccc1Cl,-2.380000,2.640000
c12ncnc(N)c1ccn2C3OC(CO)C(O)C3(O),-1.950000,-0.560000
Oc(ccc(c1)C(C)(C)C)c1,-2.410000,3.420000
CN(C)C(=O)C(c1ccccc1)c2ccccc2,-2.980000,2.860000
O=C(O)CCCCC,-1.060000,2.050000
C(O)CCCCCCCCCCCCC,-6.050000,5.750000
CCCC(CCC)C(O)=O,-1.860000,2.960000
OC3N=C(c1ccccc1Cl)c2cc(Cl)ccc2NC3=O,-3.600000,2.410000
O=C(CCC(C)C)C,-1.330000,1.660000
c1cccc(Br)c1Br,-3.500000,3.770000
O=C(C(Cc1cc(c(c(c1)I)O)I)N)O,-2.860000,0.570000
N1CCCCC1CC(=O)C,-0.450000,0.540000
c1cc(N)ccc1S(=O)(=O)Nc2nnc(C(C)(C)C)s2,-3.740000,1.770000
c1ccc2Sc3ccc(CC(=O)O)cc3N(C)c2c1,-3.940000,3.810000
CI,-1.000000,1.590000
O=CC=C(CCC=C(C)C)C,-2.060000,3.450000
Oc1c(I)cc(C#N)cc1I,-3.610000,3.940000
OC(=O)c1ccccc1C(F)(F)F,-1.600000,2.490000
c1ccccc1C2(CC=C)C(=O)NC(=O)NC2=O,-2.180000,1.680000
COc2cc(Cc1cnc(N)nc1N)cc(OC)c2OC,-2.860000,0.730000
CCCCC1C(=O)N(N(C1=O)c2ccc(O)cc2)c3ccccc3,-3.730000,3.040000
ClC(Cl)CCC,-2.400000,2.740000
OCc(c(O)ccc1)c1,-0.290000,0.600000
ClCCBr,-1.320000,1.920000
CNC(=O)Oc1ccccc1OC(C)C,-2.050000,1.900000
O=C(OCC)C,-0.040000,0.860000
c1ccccc1N2C(=O)C(N(C)C)=C(C)N2C,-0.630000,0.600000
n(cccc1C(N(CC2)C)C2)c1,0.790000,1.000000
O1C=CC=C1,-0.820000,1.360000
c1cccc(Cl)c1C,-3.520000,3.180000
O=C(C=C(CC1(C)C)C)C1,-1.060000,2.620000
O=C(O)c(c(ccc1)C(=O)O)c1,-2.110000,1.070000
C1C(=O)C=C2CCC3C4CCC(O)(C(=O)COC(=O)CC(C)(C)C)C4(C)CC(O)C3C2(C)C1,-5.510000,4.210000
c1ccccc1C,-2.210000,2.540000
c1cnc2cnc(SC)nc2n1,-2.360000,0.210000
O=C(c(ccc(N)c1)c1)CC,-2.630000,1.250000
O=C(NC(=O)c(c(F)ccc1)c1F)Nc(ccc(c2)Cl)c2,-6.020000,3.590000
O=C(Nc(ccc(c1)OC)c1)C,-1.300000,1.180000
O=N(=O)c(ccc(OC)c1)c1,-2.410000,1.890000
O=C(Nc(cccc1)c1)Nc(cccc2)c2,-3.150000,2.970000
Cc1cc(O)no1,-0.070000,1.030000
c1ccccc1CCl,-2.390000,2.790000
ClC(Cl)=C(c1ccc(Cl)cc1)c2ccc(Cl)cc2,-6.900000,6.000000
c1ccccc1c2cc(Cl)c(Cl)cc2,-6.390000,5.050000
c1ccc2Sc3ccccc3N(CC(C)N(C)C)c2c1,-4.260000,4.490000
O=C(CCCCCC)C,-2.050000,2.220000
O=C1C=C2C(Cl)=CC3C4CCC(C(=O)C)(OC(=O)C)C4(C)CCC3C2(C)C=C1,-4.950000,3.730000
C=C(C)C=C,-2.030000,2.580000
O=C(NC(=O)C(Br)(CC)CC)N,-2.680000,1.520000
CCCCOc2cc(C(=O)NCCN(CC)CC)c1ccccc1n2,-3.700000,4.040000
OC(c(cccc1)c1)C(NC)C,-0.420000,0.680000
OC(C=C)(CCC=C(C)C)C,-1.990000,3.380000
c1cc(N)ccc1C(=O)OCCNCCCCC,-3.270000,2.760000
C1C(O)CC2CC(O)C3C4CCC(C(C)CCC(=O)O)C4(C)CCC3C2(C)C1,-3.820000,5.060000
C1=CSC(CC)=C1,-2.590000,2.850000
C1C(=O)C=C2CCC3C4CCC(C(=O)CO)C4(C5O)CC(O5)C3C2(C)C1,-3.850000,0.550000
c1ccc4c(c1)ccc5c3ccc2ccccc2c3[nH]c45,-7.420000,5.580000
OCC(C)(C)CCC,-1.520000,2.200000
c1cc2OC(=O)C=Cc2cc1,-1.890000,1.510000
CCCN(=O)=O,-0.800000,0.950000
BrC(Br)Br,-1.910000,1.790000
c1cc(Cl)ccc1C,-3.080000,3.180000
CCCCN(CC)C(=O)SCCC,-3.350000,3.510000
O=CCCCCCCC,-2.360000,2.780000
N(C(=S)NC1)C1,-0.710000,-0.490000
C(=CCC(C(=C)C)C1)(C1)C,-4.000000,4.830000
O=C(OCC(CCC)(C)COC(=O)N)N,-1.670000,0.980000
CNC(=O)Oc1ccc(N(C)C)c(C)c1,-2.360000,1.900000
O=S(=O)(Nc(nccc1C)n1)c(ccc(N)c2)c2,-2.850000,0.210000
CC(=O)CC(=O)C,0.220000,0.050000
Clc1cccc(Cl)c1c2c(Cl)cc(Cl)cc2Cl,-7.320000,6.980000
c1cc(Cl)ccc1Br,-3.630000,3.530000
c1cnc2cncnc2n1,0.020000,-0.940000
O=C(Nc(cccc1)c1)c(c(O)ccc2)c2,-3.590000,3.300000
CNC(=O)Oc1cccc(N=CN(C)C)c1,-2.340000,0.880000
OCC(C(O)=O)c1ccccc1,-0.930000,0.380000
CCCCOCCCC,-1.850000,3.010000
O=C(O)c(c(ccc1)I)c1,-2.730000,2.700000
CC(C)OC(=O)Nc1cccc(Cl)c1,-3.380000,3.300000
Clc1cc(Cl)c(Cl)cc1c2c(Cl)c(Cl)ccc2Cl,-8.650000,7.620000
c1cc(N)ccc1N,-0.380000,0.160000
c1cnc2c(SC)ncnc2n1,-1.760000,0.120000
c1c(Cl)c(Cl)c(Cl)c(Cl)c1c2c(Cl)c(Cl)c(Cl)c(Cl)c2,-9.160000,8.910000
O=C(NCCCC)NS(=O)(=O)c(ccc(N)c1)c1,-2.180000,0.940000
c1ccccc1c2ccc(C(=O)CCC(=O)O)cc2,-5.060000,3.180000
CCCCCC,-3.840000,3.290000
O=C(OC)C(=C)C,-0.800000,1.280000
CCNC(=O)C(C)OC(=O)Nc1ccccc1,-1.830000,1.630000
O=C(N(C)C)Nc(cccc1C(F)(F)F)c1,-3.430000,2.350000
c1cc(N)ccc1S(=O)(=O)Nc2ncc(C)cn2,-2.820000,0.210000
CN(C)C(=O)Oc1nc(nc(C)c1C)N(C)C,-1.950000,1.400000
c1cc(CC)ccc1CC,-3.750000,4.070000
c1cc2C(=O)C=C(C)C(=O)c2cc1,-3.030000,2.210000
O=S(=O)(c(ccc(N)c1)c1)c(ccc(N)c2)c2,-2.820000,0.770000
O=C(N(N(C1=O)c(cccc2)c2)c(cccc3)c3)C1CCCC,-3.810000,3.520000
ClCCCCl,-1.620000,2.320000
CCC1(C(=O)NC(=O)NC1=O)C2=CCCCC2,-2.170000,2.300000
COc1ccc2CC5C3C=CC(O)C4Oc1c2C34CCN5C,-1.520000,1.280000
NC(=O)OCCCCCC,-1.920000,1.950000
O=N(=O)c(cccc1)c1,-1.800000,1.810000
CCN(CC)C(=S)SCC(Cl)=C,-3.390000,3.150000
C1=CC2C(N(C)C5)Cc3ccc(O)c4c3C2(C5)C(O4)C1O,-3.280000,0.720000
c1ccc(C)cc1N,-0.850000,1.620000
O=C(OC)CCCCC,-2.000000,2.340000
O=C1C2(C(C3CCC4C(C3CC2)(C)CCCC4)CC1)C,-6.700000,4.600000
C1(=O)C=C2CCC3C4CC(C)C(O)(C(=O)COC(=O)C)C4(C)CC(O)C3(F)C2(C)C=C1,-4.900000,2.460000
ICCCC,-2.960000,3.060000
OC(C(C(C1C2)(C)C)(C2)C)C1,-2.320000,2.850000
CC(C)(Cl)C(Cl)C,-2.690000,3.120000
Oc(ccc(c1)Cl)c1,-0.700000,2.160000
C1C(O)CC2CCC3C4CCC(=O)C4(C)CC(O)C3C2(C)C1,-3.590000,1.930000
OC(=O)C(=O)O,0.380000,-1.740000
CCCCOCN(C(=O)CCl)c1c(CC)cccc1CC,-4.190000,4.840000
c1c(Cl)c(Cl)cc(Cl)c1c2c(Cl)cc(Cl)c(Cl)c2,-8.560000,7.620000
c1c(Cl)cc(Cl)cc1Cl,-4.480000,3.930000
O=C(N(C)C)Nc(ccc(c1)Cl)c1,-2.890000,2.030000
c1ccccc1NC(=O)CC,-1.920000,1.590000
c1ccc(Cl)cc1O,-0.700000,2.160000
c1ccc2c3ccc(Cl)cc3C(O)(C(=O)O)c2c1,-4.180000,2.880000
FC(F)(F)C(O)C,0.300000,0.690000
n(cc(c(n1)O)C)c1S,-2.450000,1.450000
Nc(ccc(c1Cl)Cl)c1,-3.240000,2.370000
OC(CC(C)C)C,-0.800000,1.680000
COCCCC,-0.990000,1.540000
n(c(O)cc(n1)C)c1S,-2.430000,1.450000
CCCCCCC,-4.530000,3.780000
C1CCCC(C)C1=O,-0.940000,1.540000
Cc1c(C)cc2ccccc2c1,-4.720000,4.260000
c12ccccc1cc3c4ccccc4c5c3c2ccc5,-8.230000,6.110000
Clc1c(Cl)cc(Cl)cc1c2c(Cl)cc(Cl)cc2Cl,-8.710000,7.620000
O=C(OCC)CCCCCC,-2.710000,3.320000
c1cc(F)ccc1F,-1.970000,2.390000
c1ccccc1C(C)CC,-3.890000,3.940000
CC3C2C(O)C1C(N(C)C)C(=C(C(N)=O)C(=O)C1(O)C(=C2C(=O)c4c(O)cccc34)O)O,-2.870000,-1.360000
O=N(=O)c(cc(N(=O)=O)c(O)c1C(CC)C)c1,-3.380000,3.670000
CN(C)C(=O)Nc1cccc(OC(=O)NC(C)(C)C)c1,-2.930000,1.930000
C1C(O)CC2=CCC3C4CCC(=O)C4(C)CCC3C2(C)C1,-4.120000,2.980000
c1c(C)cc(C)cc1O,-1.400000,2.610000
O=N(=O)c(ccc(O)c1)c1,-0.740000,1.910000
O=C(NC(=O)C(O)(C1=O)C(O)(C(=O)NC(=O)N2)C2=O)N1,-2.230000,-4.380000
C1C(C)(C)CC(=O)C=C1OC(=O)N(C)C,-0.850000,1.660000
c1cccc(N)c1N,-0.420000,0.160000
ClC(Cl)CCl,-1.480000,2.010000
CC(=O)CCC1C(=O)N(c2ccccc2)N(c3ccccc3)C1=O,-3.270000,1.470000
CCC1(CC)C(=O)NC(=O)NC1=O,-1.390000,0.600000
Nc(c(ccc1)Cl)c1,-1.520000,1.720000
O=C1C=C2CCC3C4CC(OC(=O)C)C(O)(C(=O)COC(=O)C)C4(C)CC(O)C3(F)C2(C)C=C1,-4.130000,1.510000
c1cc(Cl)c(Cl)c(Cl)c1c2c(Cl)cc(Cl)c(Cl)c2,-8.320000,7.620000
CN(C)CCCN2c1ccccc1Sc3ccc(Cl)cc23,-5.010000,5.200000
N(CCCC)(CCCC)CCCC,-3.120000,4.460000
c(c(ccc1)ccc2)(c1c(c3ccc4)c4)c23,-6.000000,4.930000
c1c(O)cc2ccc3C4CCC(=O)C4(C)CCc3c2c1,-5.240000,3.930000
CCC(Cl)CC,-2.630000,2.980000
c1ccc2cccc3c2c1C=C3,-3.960000,3.940000
N(c(c(c(ccc1)cc2)c1)c2)=C=S,-4.600000,4.510000
CCBr,-1.090000,1.670000
NC(=NC(#N))N,-0.310000,-1.260000
c1cc(NC(=O)C)ccc1S(=O)(=O)N,-1.610000,0.180000
C(C(C(C(C1Cl)Cl)Cl)Cl)(C1Cl)Cl,-4.590000,4.260000
CCCC(O)C(CC)CO,-0.540000,1.600000
CCOP(=S)(OCC)Oc1ccc(cc1)S(C)=O,-2.300000,2.350000
Cc1ncc(N(=O)=O)n1CCO,-1.260000,0.000000
O=C(Nc(c(O)ccc1)c1)C,-2.240000,0.620000
c1cc(OCC)ccc1C(=O)OCCN(CC)CC,-2.710000,3.080000
CC(=O)N=C1N(C)N=C(S(=O)(=O)N)S1,-1.830000,0.330000
O=C(O)c(cccc1N(=O)=O)c1,-1.680000,1.690000
COc1ccc(cc1)C(c2ccc(OC)cc2)C(Cl)(Cl)Cl,-6.890000,5.670000
N(c(c(ccc1)C2)c1)C2,-1.040000,2.060000
CCOc2ccc1nc(sc1c2)S(N)(=O)=O,-3.810000,2.080000
c(c(c(c(c1)ccc2)c2)ccc3)(c1)c3,-5.260000,4.350000
c1c(C)c(C)c(C)c(C)c1C,-4.000000,4.730000
n(c(c(ccc1)cc2)c1)c2c(nc(c(ccc3)c4)c3)c4,-5.400000,4.060000
c1c(Cl)c(Cl)c(Cl)c(Cl)c1c2c(Cl)c(Cl)c(Cl)c(Cl)c2Cl,-10.260000,9.560000
CCCOC(=O)c1ccc(N)cc1,-2.330000,2.290000
CCC(C)CO,-0.470000,1.260000
Cc1cccc2sc3nncn3c12,-2.070000,2.480000
OCC(O)C(O)CO,0.700000,-2.110000
CC(O)(C)C(C)CC,-0.890000,2.130000
CC(O)CCCC,-0.890000,1.750000
CC(C)OC(=O)C(O)(c1ccc(Cl)cc1)c2ccc(Cl)cc2,-4.530000,4.410000
c1cc(Cl)ccc1S(=O)(=O)NC(=O)NCCC,-3.030000,2.010000
c1cccc(C)c1C(=O)O,-2.060000,2.420000
O=C(Nc(ccc(c1)Br)c1)C,-3.080000,1.990000
FC(F)(F)c(cccc1C(n(ncn2)c2)(c(cccc3)c3)c(cccc4)c4)c1,-8.400000,5.760000
c1cc(Cl)c(Cl)cc1c2c(Cl)cc(Cl)cc2,-7.800000,6.340000
O=C(N(OC)C)Nc(ccc(c1)Cl)c1,-2.570000,2.260000
CC34CC(O)C1(F)C(CCC2=CC(=O)C=CC12C)C3CC(O)C4(O)C(=O)CO,-3.690000,0.960000
c(c(c(c(c1)ccc2)c2)cc(c3c(c(c4)ccc5)c5)c4)(c1)c3,-8.660000,6.700000
O=P(SCCCC)(SCCCC)SCCCC,-5.140000,5.750000
c1c(C)cc(C)cn1,0.380000,1.900000
C1C(=O)C=C2CCC3C4CCC(=O)C4(C)CC(=O)C3C2(C)C1,-3.480000,1.410000
O=C(OC(CC(N(C1C2)C)C2)C1)C(c(cccc3)c3)CO,-1.910000,1.910000
CCC=O,0.580000,0.330000
c1ccc2[nH]nnc2c1,-0.780000,1.170000
O=C(OC(=O)c1cccc2)c12,-1.390000,2.070000
ClCCS(=O)(=O)CCl,-1.500000,0.380000
ClCC#CCOC(=O)Nc1cccc(Cl)c1,-4.370000,3.410000
CN(C)C(=O)Nc1cccc(OC(=O)NC(C)(C)C)c1,-2.930000,1.930000
CCNc1nc(NC(C)(C)C)nc(SC)n1,-4.000000,3.770000
c1cc(Cl)ccc1c2c(Cl)ccc(Cl)c2,-6.250000,5.690000
O=S(=O)(N)c(c(cc(NC(NS1(=O)=O)C(Cl)Cl)c12)Cl)c2,-2.680000,0.230000
c1ccc2nc3cccc(N)c3cc2c1,-4.220000,2.400000
OC2(CCN(CCCC(=O)c1ccc(F)cc1)CC2)c3ccc(Cl)cc3,-4.430000,4.200000
C=CC=C,-1.870000,2.030000
O(CCNC1)C1,1.060000,-0.560000
c1ccc2cc3ccccc3c(O)c2c1,-4.730000,3.860000
c1ccc2ccccc2c1C,-3.700000,3.720000
c1ccccc1c2c(Cl)cc(Cl)cc2,-5.250000,5.050000
O=C(OCc1ccccc1)N,-0.350000,1.200000
Oc(c(c(c(c1Cl)Cl)Cl)Cl)c1Cl,-4.280000,4.740000
O=C(OCCCC)N,-0.660000,0.960000
c1cc(CC(C)C)ccc1C(C)C(=O)NO,-3.040000,2.790000
CCCC(O)CCC,-1.400000,2.240000
c1cc(O)c2C(=O)C3=C(O)C4(O)C(=O)C(C(=O)N)=C(O)C(N(C)C)C4CC3C(O)c2c1Cl,-2.520000,-1.140000
CCCCCO,-0.600000,1.330000
O=C(OC)c(cc(O)c(O)c1O)c1,-1.240000,0.810000
c1cc(O)ccc1O,-0.170000,1.030000
O=C(OCCC)C,-0.720000,1.360000
O=C(O)CCCCC(=O)O,-0.820000,0.230000
OC(=O)c1ccsc1,-1.470000,1.690000
CCCBr,-1.730000,2.160000
O=C(NC(CCCC1)C1)NS(=O)(=O)c(ccc(c2)C(=O)C)c2,-2.060000,2.440000
CC(=O)OCC(=O)C3(O)CCC4C2CCC1=CC(=O)CCC1(C)C2C(=O)CC34C,-4.300000,2.140000
O=C(O)CCCCCCCCCCCCCCC,-6.810000,6.960000
O=C(OCC)CC(=O)OCC,-0.820000,0.900000
OCC(O)CO,1.120000,-1.650000
CC1CC2C3CCC(O)(C(=O)C)C3(C)CC(O)C2(F)C4(C)C=CC(=O)C=C14,-4.100000,2.060000
O=C(N(C)C)Nc(cccc1)c1,-1.600000,1.380000
O=C(O)CCC(C(C(C(C(C(C(C(C1)CC(O)C2)(C2)C)C3)C1)C4)(C3O)C)C4)C,-3.950000,5.060000
O=C1N=CN=CC1,0.590000,-0.120000
OCC1OC(C(O)C1O)n2cnc3C(=O)NC=Nc23,-1.230000,-1.840000
c1ccccc1CCCC,-4.060000,4.010000
n(nccc1)c1,1.100000,-0.060000
c1ccc2c3ccccc3Cc2c1C,-5.220000,4.560000
O=C(CCCC)C,-0.800000,1.240000
O=C(Nc(c(N(=O)=O)ccc1)c1)C,-1.910000,1.070000
c1ccccc1I,-2.780000,3.160000
c1ccc(C)c(C)c1C,-3.200000,3.630000
O(CC(O)C1)C1,1.050000,-0.600000
CCN(CC)CC,-0.140000,1.510000
o2c1ccccc1oc3ccccc23,-5.310000,4.340000
c1ccccc1N,-0.410000,1.080000
c1ccc2C(=O)N=C(c3ccccc3)Oc2c1,-4.610000,3.400000
O=C(O)C(CCCC1)C1,-1.450000,2.360000
C1CCCCC1CC,-4.250000,4.080000
n(c(c(c(c1)C)ccc2c(ccn3)C)c23)c1,-3.970000,3.390000
C1(=O)C=C2CCC3C4CC(C)C(O)(C(=O)CO)C4(C)CC(O)C3(F)C2(C)C=C1,-3.640000,1.720000
BrCCl,-0.890000,1.430000
IC=CI,-3.220000,2.630000
O=C(O)COc(c(cc(c1Cl)Cl)Cl)c1,-2.960000,3.260000
n(c(c(ccc1)cc2)c1O)c2,-2.420000,1.660000
O=C(N)N(C)N=O,-0.850000,-0.520000
CCOP(=S)(OCC)N2C(=O)c1ccccc1C2=O,-3.350000,3.740000
O=N(=O)c(cccc1N)c1,-2.190000,1.470000
O=C(NC(=O)C(N(=O)=O)C1=O)N1,-2.280000,-1.190000
O=C(CC)C,0.520000,0.260000
c1cc(Cl)ccc1Cl,-3.270000,3.280000
O=C(OC)C=C,-0.220000,0.730000
c1ccc2cccc3c2c1CC3,-4.630000,4.150000
O=C(C=C(C(C(C(C(C(C(O)(C)C1)(C2)C)C1)C3)C2)(C4)C)C3)C4,-3.990000,3.720000
BrCCCCl,-1.850000,2.410000
OC(=O)c1c(C=O)ccc(OC)c1OC,-1.920000,0.140000
NNC(=O)c1ccncc1,0.010000,-0.810000
CCCCC=C,-3.230000,3.150000
C1CC=C(C)CC1,-3.270000,3.510000
c1cc(Cl)c(Cl)cc1c2c(Cl)c(Cl)c(Cl)cc2,-7.050000,6.980000
O=C(N)c(cccc1)c1,-0.960000,0.740000
CC(C)Nc1nc(Cl)nc(NC(C)C)n1,-4.430000,3.240000
C1C(O)CC2CCC3C4CCC(=O)C4(C)CCC3C2(C)C1,-4.400000,3.070000
c1c(F)cc(F)c(F)c1F,-2.310000,2.790000
c1ccccc1S,-2.120000,2.690000
CN4CCN(CCCN2c1ccccc1Sc3ccc(cc23)C(F)(F)F)CC4,-4.520000,5.110000
O=C(N)C(=C(O)C(N(C)C)C(C1(O)C(O)=C(C2C(O)(c(c3c(O)cc4)c4)C)C3=O)C2O)C1=O,-3.140000,-2.470000
c1c(Cl)ccc(Cl)c1c2c(Cl)ccc(Cl)c2,-7.000000,6.340000
O=C(O)Cc(cccc1)c1,-0.890000,1.430000
O=C(O)c(ccc(N)c1)c1,-0.400000,0.960000
O=C(c(c(C(=O)c1c(O)c(O)cc2)ccc3)c3)c12,-2.780000,3.160000
OC1C=CC2C1C3(Cl)C(=C(Cl)C2(Cl)C3(Cl)Cl)Cl,-5.460000,4.490000
O=C(CCCCCCCC)C,-3.310000,3.200000
COC(=O)C1C(CC2CCC1N2C)OC(=O)c3ccccc3,-2.230000,2.170000
O=C(O)COc(cccc1)c1,-1.100000,1.330000
Oc(c(c(cccc1)c1)ccc2)c2,-2.390000,3.280000
COC(C)C,-0.060000,0.980000
OCC(CC)CC,-1.170000,1.750000
c1c(Cl)c(CO)c(Cl)cc1,-2.100000,2.360000
c1cc(C)c2c(C)cccc2c1C,-4.920000,4.810000
ClCCOCCCl,-1.120000,1.560000
C1CCCCC1O,-0.440000,1.640000
CCCCN(C)C(=O)Nc1ccc(Cl)c(Cl)c1,-4.770000,4.150000
O=N(=O)c(c(c(c(c1Cl)Cl)Cl)Cl)c1Cl,-5.820000,5.030000
ClC(Cl)C,-1.290000,1.760000
Oc1ccc2Oc3cc(OC)cc(O)c3C(=O)c2c1,-2.930000,3.740000
O=Cc(ccc(O)c1)c1,-0.960000,1.230000
O=C(OC)C,0.520000,0.370000
C1CC=CC1,-2.100000,2.470000
O=C(N)c(c(ccc1)C(=O)N)c1,-2.920000,-1.990000
c1c(CO)c(O)ccc1C(O)CNC(C)(C)C,-1.220000,0.640000
c1c(C)nc2cncnc2n1,0.060000,-0.390000
O=N(=O)c(ccc(c1)C)c1,-2.490000,2.360000
COC(=O)C(Cl)Cc1ccc(Cl)cc1,-3.770000,3.400000
O=C(Nc(ccc(c1)F)c1)C,-1.780000,1.300000
c1ccccc1C#N,-1.000000,1.540000
C1CCCCC1Br,-2.300000,3.450000
c(c(c(cc1)ccc2)c2cc3)(c1ccc4)c34,-6.190000,4.930000
CN1C(=O)NC(NC2=O)=C(N2)C1=O,-1.560000,-1.250000
COc1ccc(cc1)C(O)(C2CC2)c3cncnc3,-2.600000,1.990000
O=C(OC(C(C(C(C(C(C(=CC(=O)C1)C2)(C1)C)C3)C2SC(=O)C)C4)(C3)C)(C4)C5)C5,-4.280000,2.880000
c1ccc2c(c1)c4cccc5ccc3cccc2c3c45,-7.800000,6.110000
O=C(O)CCCCCCCCCCN,-2.700000,-0.160000
NC(=O)NCc1ccccc1,-0.950000,0.620000
CN(C)NC(=O)CCC(O)=O,-0.200000,-1.510000
CC(C#C)N(C)C(=O)Nc1ccc(Cl)cc1,-3.900000,2.660000
c1ccccc1c2c(F)cc(C(C)C(=O)O)cc2,-4.490000,3.810000
c1ccccc1N(CC)CC,-3.030000,3.150000
O=C(O)CCCCCCCCCC,-3.550000,4.510000
O=C(NCC1)C1,1.070000,-0.320000
O=C(OCC(C)C)N,-0.300000,0.890000
CN(C)C,0.840000,0.040000
COCOC,0.480000,-0.190000
O=C(N)c(cccn1)c1,0.610000,-0.450000
c1cccc(C)c1CC,-3.210000,3.580000
O=C(N)NO,1.120000,-1.680000
O=C(O)C(Oc(c(cc(c1)Cl)C)c1)C,-2.550000,2.940000
O=C(O)Cc(c(ccc1Cl)Cl)c1Cl,-3.080000,3.360000
Cc1ccc2ccccc2c1,-3.770000,3.720000
O=S(=O)(Nc(onc1C)c1C)c(ccc(N)c2)c2,-2.910000,1.030000
CC(Cl)CC,-1.960000,2.490000
O(C(CC1)C)C1,0.110000,1.350000
O=C(OC(C1C(C2(CC(O)(C3=C)CC4)C3)C(=O)O)(C24)C=CC5O)C15C,-1.840000,0.450000
O=C(N)c(c(O)ccc1)c1,-1.760000,1.030000
c1ccc(Cl)cc1c2c(Cl)ccc(Cl)c2,-6.010000,5.690000
n(c(ccc1)C(Cl)(Cl)Cl)c1Cl,-3.760000,3.350000
CCI,-1.600000,2.080000
ClC(Cl)(Cl)C(NC=O)N1CCN(CC1)C(NC=O)C(Cl)(Cl)Cl,-4.190000,2.020000
O(C(C)C)C(C)C,-1.100000,1.880000
O=C(O)CCCCCCCCCCCCCCCCC,-5.680000,7.940000
ClC(Cl)(F)C(F)(F)Cl,-3.040000,3.090000
CCCCC=CC,-3.820000,3.560000
O=C(OCCC(C)C)C,-1.920000,2.260000
Oc(cccc1O)c1,0.810000,1.030000
c1cc(Cl)ccc1c2c(Cl)c(Cl)ccc2,-6.260000,5.690000
COc1ccc2n(C(=O)c3ccc(Cl)cc3)c(C)c(CC(=O)O)c2c1,-4.620000,4.230000
O(C(OCC)C)CC,-0.430000,1.200000
OCCCCCCCCC,-3.010000,3.300000
CCCI,-2.290000,2.570000
c1ccccc1CCCCC,-4.640000,4.500000
FC(F)(C(F)(F)Cl)Cl,-3.120000,2.780000
COc5cc4OCC3Oc2c1CC(Oc1ccc2C(=O)C3c4cc5OC)C(C)=C,-4.420000,4.310000
O=C(O)C(N)Cc(ccc(O)c1O)c1,-1.600000,-2.240000
C=CCC1(CC=C)C(=O)NC(=O)NC1=O,-2.060000,1.310000
C1C(N2C)CC(O)C(C(=O)O)C2C1,-0.020000,-3.780000
CCCCC(=O)CC(=O)C,-1.560000,1.520000
c1ccccn1,0.760000,0.800000
CCC(C)(C)CO,-1.040000,1.710000
O=C(NC(=O)C)N,-0.900000,-1.010000
O=S(=O)(N)c(c(cc(NCNS1(=O)=O)c12)Cl)c2,-2.620000,-0.100000
O=N(=O)c(cccc1O)c1,-1.010000,1.910000
C1C(=O)C=C2C(C)=CC3C4CCC(C(=O)C)(C)C4(C)CCC3C2(C)C1,-5.270000,4.450000
O=C(N(c(c(C1(C(N(C2)CC(C3C4C5OC6)=C6)C3)C2)ccc7)c7)C14)C5,-3.320000,1.850000
c1cc(C)cc(C)c1O,-1.190000,2.610000
ClC(Cl)(Cl)CCl,-2.180000,2.930000
ClCC(Cl)CCl,-1.920000,2.500000
c1cc(C)ccc1N,-1.210000,1.620000
O=C(N(C)C)N(C)C,0.940000,-0.200000
n(c(nc(n1)NCC)NCC)c1Cl,-4.550000,2.400000
c1ccc2C(O)=C(C(c3ccccc3)CC(=O)C)C(=O)Oc2c1,-3.890000,2.230000
CC(C)(C)C(O)(C)CC,-1.270000,2.580000
c1cc(C)c2ccccc2c1C,-4.140000,4.260000
Nc(c(cc(c(ccc(N)c1Cl)c1)c2)Cl)c2,-4.920000,3.210000
c1ccccc1C(C)(C)C,-3.660000,3.900000
CC(C)c1ccc(NC(=O)N(C)C)cc1,-3.540000,2.840000
NCC(CCCC)CC,-1.710000,2.730000
CCOP(=S)(OCC)SCCSCC,-4.230000,3.860000
O(c(c(O)cc(c1)Cl)c1)c(c(cc(c2)Cl)Cl)c2,-4.460000,4.660000
Nc(ccc(c1)Cl)c1,-1.660000,1.720000
C1C2=CC(=O)C=CC2(C)C3C(O)CC4(C)C(O)(C(=O)CO)CCC4C3C1,-3.210000,1.400000
O=C(OC(C(C(C(C(C(C(=CC(=O)C1)C2)(C1)C)C3)C2)C4)(C3)C)C4)CC,-5.370000,4.770000
c1ccc(Cl)c(Cl)c1c2c(Cl)c(Cl)c(Cl)c(Cl)c2,-8.420000,7.620000
ClCC(Cl)C,-1.600000,2.250000
c1c(C(C)(C)C)cc(C(C)(C)C)cc1OC(=O)NC,-4.240000,4.990000
O=C(OCCCCC)C,-1.890000,2.340000
C1C(O)CC2=CCC3C4CCC(C(=O)C)C4(C)CCC3C2(C)C1,-4.650000,3.890000
Cc1ccc2C(=O)C(C(=O)O)=CN(CC)c2n1,-3.370000,1.640000
n(c(N(Cc(cccc1)c1)CCN(C)C)ccc2)c2,-2.640000,2.730000
c1ccccc1CCC,-3.370000,3.520000
CCCCO,0.000000,0.840000
O=C(O)C(Oc(c(cc(c1)Cl)Cl)c1)C,-2.450000,3.030000
O=C(O)CCC(C(C(C(C(C(C(C(C1)CC(O)C2)(C2)C)C3)C1O)C4)(C3O)C)C4)C,-3.370000,3.520000
Oc(ccc(c1)Br)c1,-1.090000,2.400000
CCNC(=S)NCC,-1.460000,0.600000
O=C(OCC)CCC(=O)OCC,-0.960000,1.390000
O(CCC1)C1,0.560000,0.940000
Oc(c(c(cc1)C)C)c1,-1.430000,2.610000
ClC(Cl)=C,-1.640000,2.120000
COc1c(Cl)ccc(Cl)c1C(O)=O,-1.700000,2.140000
c1cc(Cl)c(Cl)c(Cl)c1Cl,-4.570000,4.570000
O=C(O)C(CC)CC,-0.810000,1.980000
O=C(OCCC(C)C)c(c(O)ccc1)c1,-3.160000,4.490000
OC(=O)c1ccccc1Nc2c(C)c(C)ccc2,-3.780000,5.280000
c1cc(Cl)c(C)cc1O,-1.570000,2.700000
O=C(Oc(cccc1C)c1)NC,-1.800000,1.720000
Nc(ccc(c(ccc(N)c1)c1)c2)c2,-2.700000,1.920000
c1ccc(Cl)c(Cl)c1c2c(Cl)ccc(Cl)c2,-6.470000,6.340000
O=C(N(C(C1=O)(C)C)Cl)N1Cl,-2.600000,-0.940000
n(c(O)ccc1)c1,1.020000,1.070000
n(ccc(c1)c(ccnc2)c2)c1,-1.540000,1.380000
CCC=CC,-2.540000,2.580000
CC(O)(CC)C,0.080000,1.220000
c(c(c(cc1)ccc2)c2cc3)(c3cc(c4ccc5)c5)c14,-8.190000,6.110000
c1ccccc1CNC(=O)CN2C(N(=O)=O)=NC=C2,-2.810000,1.220000
S=P(OCC)(OCC)Oc1ccc2C(C)=C(Cl)C(=O)Oc2c1,-5.380000,4.470000
CCCCCCCN,-1.850000,2.310000
CCOCCC,-0.660000,1.540000
Nc3ccc2cc1ccccc1cc2c3,-5.170000,3.430000
c1ccc2ccccc2c1,-3.600000,3.170000
CC(=O)O,1.220000,0.090000
Cc1cccc(c1)Oc2cccc(c2)C,-4.850000,5.140000
c1c(OC)c(O)c2C3(C4)CC(=O)C=CC3C(N(C)C4)Cc2c1,-1.870000,1.260000
c(c(c(c(c1)ccc2)c2)c(c(c3ccc4)c4)C)(c3C)c1,-7.020000,6.620000
O=CCCCCC,-1.300000,1.800000
OC(c(cccc1)c1)CN,-0.480000,-0.200000
c1ccc(Cl)cc1c2cc(Cl)ccc2,-5.800000,5.050000
O=C(O)CCCCCCCCC=C,-3.400000,4.370000
Oc(ccc(c1C)C)c1,-1.410000,2.610000
CCN(CC)CCNC(=O)c1cc(Cl)c(N)cc1OC,-3.180000,1.690000
c1cnc2cnc(S)nc2n1,-2.770000,-0.240000
c1ccc2C=CC(=O)[nH]c2c1,-2.140000,1.320000
O=N(=O)c(c(OC)ccc1)c1,-1.960000,1.890000
ClC(Br)Cl,-1.540000,1.610000
c1c(OC)nc2cncnc2n1,-0.910000,0.040000
O=C(OC)CC,-0.140000,0.860000
ClC(=C(C=C(Cl)Cl)Cl)Cl,-4.230000,4.220000
Clc1cccc(Cl)c1C#N,-4.240000,2.830000
BrCCCBr,-2.080000,2.500000
c1cc(Cl)c(Cl)cc1c2c(Cl)ccc(Cl)c2,-7.250000,6.340000
CC(=O)Nc1ccc(OCC)cc1,-2.370000,1.670000
O=C(NCC(=O)O)CCC(C(C(C(C(C(C(C(C1)CC(O)C2)(C2)C)C3)C1O)C4)(C3O)C)C4)C,-5.150000,2.410000
FC(F)(F)c(cccc1N)c1,-1.470000,2.040000
COP(=S)(OC)Oc1ccc(cc1Cl)N(=O)=O,-4.310000,3.390000
OCCN(c(cccc1)c1)CCO,-0.730000,0.630000
c1cc2ncccc2c(O)c1,-2.540000,1.660000
C(O)(c1ccc(Br)cc1)(c2ccc(Br)cc2)C(=O)OC(C)C,-4.930000,4.900000
O=C(O)c(c(ccc1)Cl)c1,-1.890000,2.180000
Oc(c(ccc1C)C)c1,-1.540000,2.610000
O=C(N)c(nccn1)c1,-0.910000,-0.530000
c1ccccc1NC(=O)NN,-2.330000,-0.380000
O1C(C)C(O)C(N)C(O)C1OC2C=CC=CC=CC=CCC(C)OC(=O)C=CC(O3)C3CC(O)CC4(O)OC(C(C(=O)O)C(O)C4)C2,-3.210000,-3.320000
O=C(Nc(c(ccc1)C)c1C)CN(CC)CC,-1.760000,1.660000
c1cc2N3C(C)=NN=C3CN=C(c4c(Cl)cccc4)c2cc1Cl,-4.080000,3.960000
c1cc(Cl)ccc1c2c(Cl)cc(Cl)cc2,-6.210000,5.690000
CCOP(=S)(OCC)SCSc1ccc(Cl)cc1,-5.740000,5.190000
c(c(c(c1ccc2)c2)ccc3)(c3)C1,-4.910000,4.020000
ClC(Cl)(Cl)C(Cl)Cl,-2.600000,3.110000
ClC3=C(Cl)C4(Cl)C2C1CC(C=C1)C2C3(Cl)C4(Cl)Cl,-7.330000,6.750000
C1CCCCC1OC(=O)C,-1.670000,2.640000
O=C(N(C(=O)C(N(C=N1)CC(O)CO)=C12)C)N2C,-0.170000,-1.460000
n(c(c(ccc1C)cc2)c1)c2C,-1.940000,3.240000
O=C(OC)N,0.970000,-0.510000
NC(=O)N,0.960000,-1.560000
CCCCC1(CC)C(=O)NC(=O)NC1=O,-1.640000,1.590000
CCCC(C)C,-3.740000,3.210000
CC(C)(S)C(N)C(O)=O,-0.130000,-2.180000
ClCC(O)CCl,-0.110000,0.780000
O=Cc(ccc(OC)c1)c1,-1.490000,1.790000
O=C(O)CCCCCCCC(=O)O,-1.890000,1.700000
OCC(CCC)C,-1.110000,1.750000
c1cc(Cl)c(Cl)cc1c2c(Cl)c(Cl)c(Cl)c(Cl)c2,-7.820000,7.620000
ClC2C1OC1C3C2C4(Cl)C(=C(Cl)C3(Cl)C4(Cl)Cl)Cl,-6.290000,4.910000
CCC(O)C(C)C,-0.700000,1.680000
CN(C)CCC=C2c1ccccc1COc3ccccc23,-3.400000,3.990000
CN(C)C=Nc1ccc(Cl)cc1C,-2.860000,2.890000
N(CCC1)C1,1.150000,0.700000
CC(C)N(C(C)C)C(=O)SCC(Cl)=C(Cl)Cl,-4.880000,4.570000
O=C(OCC)CCCCCCCCC,-4.100000,4.790000
C=CCS(=O)SCC=C,-0.830000,1.870000
Nc(c(ccc1)CC)c1CC,-2.350000,3.150000
c(c(ccc1Cl)ccc2)(c2)c1,-4.140000,3.810000
C1CCCC1,-2.640000,2.680000
O=C(OC)CCCCCCCCCCC,-4.690000,5.280000
c1ccc2ncsc2c1,-1.500000,2.170000
CN2C(=O)NC(=O)C(C)(C1=CCCCC1)C2=O,-2.740000,2.020000
CCNc1nc(Cl)nc(NC(C)(C)C#N)n1,-3.150000,2.510000
n(c(ccc1)c(nccc2)c2)c1,-1.420000,1.380000
CCCN(CCC)CCC,-2.280000,2.990000
CC(=O)N(C)C,1.110000,-0.490000
O=C(O)CC(N)C,1.080000,-3.630000
O=C1NC(=S)NC(=O)C1(CC)C(C)CCC,-3.360000,2.870000
O=C(N(CC(C)C)CC(C)C)SCC,-3.680000,3.850000
CCCCCCCI,-4.810000,4.540000
O(c(ccc(nccc1C(O)C(N(CCC2C3C=C)C3)C2)c14)c4)C,-3.370000,3.440000
ClC(Br)Br,-1.900000,1.700000
c1cc(Cl)c(Cl)cc1c2c(Cl)c(Cl)c(Cl)cc2Cl,-7.660000,7.620000
O=C1C=C2C(C)CC3C4CCC(O)(C(=O)CO)C4(C)CC(O)C3C2(C)C=C1,-2.990000,1.820000
O(CCN(C1)C)C1,1.000000,-0.350000
CC1CCCCC1NC(=O)Nc2ccccc2,-4.110000,3.860000
OCCCCCCCCCCCCCCCC,-7.260000,6.730000
Clc1c(Cl)c(Cl)c(Cl)c(Cl)c1c2c(Cl)c(Cl)cc(Cl)c2Cl,-10.410000,9.560000
COP(=S)(OC)Oc1cc(Cl)c(Br)cc1Cl,-6.090000,5.110000
C1C(=O)C=C2CCC3C4CCC(=O)C4(C)CCC3C2(C)C1,-3.690000,2.760000
c1cc(Cl)cc(Cl)c1O,-1.550000,2.800000
